personId,source
1,LVMH
2,Tesla
2,SpaceX
3,Amazon
4,Oracle
5,Berkshire Hathaway
6,Microsoft
7,Bloomberg LP
8,Telecom
9,Diversified
10,Microsoft
11,L'OrÃ©al
12,Google
13,Zara
14,Google
15,Beverages
15,pharmaceuticals
16,Facebook
17,Koch Industries
18,Koch Industries
19,Walmart
20,Walmart
21,Walmart
22,Media
23,Dell Technologies
24,Infrastructure
24,commodities
25,Nike
26,TikTok
27,Retail
28,Luxury goods
29,Shipping
30,Nutella
30,chocolates
31,Candy
31,pet food
32,Candy
32,pet food
33,Diversified
34,Internet media
35,Casinos
36,Hedge funds
37,Red Bull
38,Batteries
39,Fashion retail
40,Music
40,chemicals
41,Chanel
42,Chanel
43,Shipping
44,Shipping
45,E-commerce
46,Fasteners
47,Real estate
48,Trading
48,investments
49,Hedge funds
50,Investments
51,BMW
51,pharmaceuticals
52,Mining
53,Online games
54,Mining
55,software services
56,Coal
57,Discount brokerage
58,Fertilizers
58,coal
59,BMW
60,Amazon
61,Banking
61,tobacco
62,Metals
63,E-commerce
64,Home appliances
65,Mining
66,Banking
66,tobacco
67,Chemicals
68,Vaccines
69,Internet
69,telecom
70,Steel
70,transport
71,Cheese
72,Fidelity
73,Gas
73,chemicals
74,Walmart
75,Package delivery
76,Semiconductors
77,Estee Lauder
78,Sensors
79,Steel
79,investments
80,Oil
81,Hospitals
82,Mining
83,Hedge funds
84,Automobiles
85,Mining
85,copper products
86,Real estate
86,shipping
87,Pig breeding
88,Batteries
88,automobiles
89,Oil & gas
90,Hedge funds
91,Oil
91,gas
92,Quicken Loans
93,Steel
94,Hedge funds
95,Investments
96,Steel
97,Real estate
98,Home improvement stores
99,Newspapers
99,TV network
100,Banking
101,Aldi
101,Trader Joe's
102,Finance
102,telecommunications
103,medical devices
104,H&M
105,Google
106,Hedge funds
107,Soy sauce
108,Supermarkets
109,Beer
110,Real estate
111,Pharmaceuticals
112,Wireless networking
113,Retail
113,investments
114,Batteries
115,Diversified
116,Retail
117,Alcohol
117,real estate
118,Heineken
119,Medical devices
120,Automobiles
121,Steel
121,telecom
121,investments
122,Paints
123,Commodities
124,Cement
124,sugar
125,Real estate
126,Shipping
127,Hospitals
128,Casinos/hotels
129,Shipping
130,Building supplies
131,WhatsApp
132,Dallas Cowboys
133,Oil & gas
133,banking
134,Real estate
135,Automobiles
135,batteries
136,Real estate
137,Banking
138,Sports
138,real estate
139,Oil
139,banking
139,telecom
140,Energy
141,Coal
142,Vaccines
143,Auto parts
144,Apple
144,Disney
145,Palm oil
145,shipping
145,property
146,Real estate
147,Messaging app
148,Pharmaceuticals
149,Pharmaceuticals
150,Agribusiness
151,Online retail
152,Hedge funds
153,Fertilizer
153,real estate
154,Manufacturing
155,Investments
156,Luxury goods
157,Luxury goods
158,Video surveillance
159,Internet media
160,Energy
160,sports
160,entertainment
161,Gas stations
162,Retail
162,media
163,Media
164,Manufacturing
164,New England Patriots
165,Beer
166,Gold
167,E-commerce
168,Cryptocurrency exchange
169,Banks
169,real estate
170,Software
171,Medical devices
172,Business software
173,Oil
174,Steel
175,Facebook
176,Auto parts
177,Walmart
178,Software
179,Banking
179,property
180,Real estate
181,Oil
182,Diversified
183,Infrastructure
183,commodities
184,Hermes
185,Shipping
186,Shipping
187,Shipping
188,Investments
189,Fertilizers
190,Private equity
191,Smartphones
192,Manufacturing
193,Pharmaceuticals
194,Warehouse automation
195,Solar panels
196,Chemicals
197,Candy
197,pet food
198,Candy
198,pet food
199,Candy
199,pet food
200,Candy
200,pet food
201,Investments
202,Diversified
203,Biotech
203,investments
204,Food delivery
205,Airbnb
206,Vacuums
207,Steel
207,investments
208,Diversified
209,Energy
209,investments
210,Cable television
211,Software services
212,Discount brokerage
213,Hardware stores
214,Google
215,Mining
216,Real estate
217,Alcoholic beverages
218,Hydraulic machinery
219,Packaging
220,Packaging
221,Packaging
222,Ecommerce
223,Venture capital
224,E-commerce
225,Facebook
226,EBay
226,PayPal
227,Batteries
228,Oil
229,Chemicals
230,Retail
230,real estate
231,Private equity
232,Investments
233,Soft drinks
233,fast food
234,Software
235,Beer
236,Real estate
237,Google
238,Investments
239,Walmart
240,Solar wafers and modules
241,Media
241,automotive
242,Diamonds
243,Media
243,automotive
244,Aluminum products
245,Sporting goods retail
246,Drugstores
247,Investments
248,Real estate
249,Oil
249,banking
249,telecom
250,Cement
250,sugar
251,Private equity
252,Real estate
253,Real estate
254,Real estate
255,Diversified
256,Diversified
257,Houston Rockets
257,entertainment
258,Diversified
259,Oil and gas
259,IT
259,lotteries
260,Airbnb
261,Oil
262,Home Depot
263,Insurance
264,Private equity
265,Coal mines
266,Investments
267,Private equity
268,Sports apparel
269,Walmart
270,Samsung
271,Private equity
272,Hedge funds
273,Metals and mining
274,Real estate
274,construction
275,Telecom
276,Petrochemicals
277,Petrochemicals
278,Financial information
279,Furniture
280,Shoes
281,Cheese
282,Cheese
283,Movies
283,record labels
284,Internet search
285,Agribusiness
286,Semiconductors
287,Medical devices
288,Real estate
289,Photovoltaic equipment
290,Pharmaceuticals
291,Chemicals
292,Airbnb
293,Real Estate
294,Chemicals
295,Real estate
296,E-commerce
297,Pharmaceuticals
298,Home Depot
299,Supermarkets
300,Sports apparel
301,Hedge funds
302,Private equity
303,Restaurants
304,Software
305,Petrochemicals
306,Textiles
306,apparel
307,Real estate
308,Manufacturing
308,investments
309,Construction
309,investments
310,Agriculture
311,Cement
312,Mining
312,metals
312,machinery
313,Fashion retail
314,Ports
315,Electronics components
316,Trading
316,investments
317,Electronics
318,Real estate
318,investments
319,Auto loans
320,Pipelines
321,Fintech
322,Personal care goods
323,Beverages
324,Healthcare software
325,Gambling
326,Self storage
327,Construction equipment
328,Health care
329,Banking
330,Electronics
331,Business software
332,Online games
333,Online games
334,Mapping software
335,Paints
336,Apparel
337,Real estate
338,Diversified
339,Diversified
340,Food distribution
341,Food distribution
342,Beverages
343,Diversified
344,Homebuilding
344,insurance
345,Cargill
346,Hedge fund
347,Lithium batteries
348,Real estate
349,Zara
350,Medical equipment
351,Pipelines
352,Media
353,Online gambling
354,Pipelines
355,Pipelines
356,Fidelity
357,Tech investments
358,Intel
359,Hedge funds
360,Hedge funds
361,Metals
361,investments
362,Electronics components
363,Pipelines
364,Money management
365,Hedge funds
366,Lego
367,Lego
368,Lego
369,Pharmaceuticals
370,Batteries
371,Solar panel components
372,Chemicals
373,Internet
373,telecom
374,Natural gas
375,Real estate
376,Real estate
377,Hedge funds
378,Computer hardware
379,Lego
380,Computer hardware
381,Snacks
381,beverages
382,Chemicals
383,Chick-fil-A
384,Chick-fil-A
385,Chick-fil-A
386,Hedge funds
387,Semiconductors
388,Investments
389,Private equity
390,Microsoft
391,Retail
391,real estate
392,Real estate
393,Investments
393,real estate
394,Real estate
394,investments
395,Real estate
396,Investments
397,Staffing
397,Baltimore Ravens
398,Hedge funds
399,Biomedical products
400,Oil
400,banking
400,telecom
401,Fertilizer
402,Banking
403,Construction
403,mining
404,Construction equipment
405,Solar equipment
406,Private equity
407,Pharmaceuticals
408,Natural gas distribution
409,Metalworking tools
410,Beer
410,investments
411,Investments
412,Temp agency
413,Beverages
414,Power strips
415,Power strip
416,Investments
417,Telecom
417,oil
418,Private equity
419,Coffee
420,Coffee
421,Hotels
421,energy
422,Steel
422,mining
423,Real estate
423,retail
424,Real estate
425,Convinience stores
426,Security software
427,Retail
427,investments
428,Diversified
429,Investments
430,Investments
431,Investments
432,IT provider
433,Retail
434,Real estate
435,Diversified
436,Hedge funds
437,Finance
438,Food
438,beverages
439,Private equity
440,Medical devices
441,Pharmaceuticals
442,Steel
442,coal
443,Medical equipment
444,Record label
445,Oil
446,Real estate
446,investments
447,Cement
448,Shipping
449,Investments
450,Investments
451,Investments
452,Shipping
453,Oil
453,real estate
454,Package delivery
455,Motorcycles
456,Investments
457,Pharmaceutical ingredients
458,Hotels
458,investments
459,Hotels
459,investments
460,Gambling software
461,Biotech
462,Auto parts
463,Carnival Cruises
464,Media
464,automotive
465,Electronics
466,Payments software
467,Payment software
468,Timberland
468,lumber mills
469,Automobiles
470,Toyota dealerships
471,Diversified
472,Chemicals
473,Pharmaceuticals
474,Pharmaceuticals
475,Manufacturing
475,investments
476,Media
476,automotive
477,Finance
478,Hedge funds
479,Medical packaging
480,Media
480,automotive
481,Software
482,Biotech
483,Luxury goods
484,Paints
485,Mortgage lender
486,IT provider
487,Textiles
487,petrochemicals
488,Kitchen appliances
489,Luxury goods
490,Consumer goods
491,Consumer goods
492,Consumer goods
493,Consumer goods
494,Finance
495,Real estate
496,Carpet
497,Fidelity
498,Venture capital
499,Petrochemicals
500,Hotels
500,investments
501,Agriculture
502,Agriculture
503,Pest control
504,Finance
504,asset management
505,Furniture
506,Poultry genetics
507,Retail
508,Investments
509,Soy sauce
510,Real estate management
511,Apparel
512,Retail
513,Telecoms
513,media
513,oil-services
514,Electronics
515,Frozen foods
516,Online gambling
517,Microsoft
518,Plush toys
518,real estate
519,Real estate
519,private equity
520,Steel
521,Investments
522,Franklin Templeton
523,Online games
524,Private equity
525,Shipping
525,seafood
526,Private equity
527,Pharmaceuticals
528,Software
529,Medical devices
530,San Francisco 49ers
531,Money management
532,Oil
532,investments
533,Biotech and investments
534,Trading
535,Software
535,investments
536,Telecom
537,Pharmaceuticals
538,Online services
539,EstÃ©e Lauder
540,Sporting goods
541,Star Wars
542,Energy
542,sports
543,Biotechnology
544,Real estate
545,Dental implants
546,Food
547,Lululemon
548,Real estate
549,New Balance
550,Pharmaceuticals
551,Dolby Laboratories
552,E-commerce
553,Payroll services
554,Investments
555,Investments
556,Palm oil
556,nickel mining
557,Medical devices
558,Cheese
559,U-Haul
560,Washington Commanders
561,Diversified
562,Pipelines
563,E-commerce
564,Sports retailing
565,Supermarkets
566,Hospitals
567,Gas stations
567,retail
568,Cleaning products
569,Cleaning products
570,Cleaning products
571,Venture capital
572,IT provider
573,Cleaning products
574,Pharmaceuticals
575,Manufacturing
576,Mining
577,Energy
577,investments
578,New Orleans Saints
579,Electronics
580,Carpet
581,Banking
582,Real estate
583,Samsung
584,Hair dryers
585,Bloomberg LP
586,Aluminum
586,diversified
587,Video games
588,Vodka
589,Online media
589,Dallas Mavericks
590,Cable television
591,Twitter
591,Square
592,Petrochemicals
593,Mining
594,Financial services
595,Estee Lauder
596,Renewable energy
597,Gaming
598,Telecom
599,Supermarkets
600,Supermarkets
601,Supermarkets
602,Food
603,FedEx
604,Private equity
605,Heating
605,cooling equipment
606,Energy drinks
607,Healthcare
608,Tequila
609,Software
610,Acoustic components
611,Software
612,Dairy
613,Software services
614,Retail
614,real estate
615,Private equity
616,Real estate
617,Fintech
618,Chemicals
619,Retail
620,Chemicals
620,spandex
621,Biotech
621,vaccines
622,Computer services
622,real estate
623,Defense
624,Staffing & recruiting
625,Construction
626,Biochemicals
627,Retail
628,Real estate
629,Philadelphia Eagles
630,Investment research
631,Home-cleaning robots
632,Titanium
633,Telecom
634,Private equity
635,Banking
636,Private equity
637,Pharmaceuticals
638,Trucking
639,Little Caesars Pizza
640,Pharmacies
641,Metals
642,Banking
643,Banking
644,Cargill
645,Real estate
646,Diversified
647,Medical equipment
648,Finance
649,Finance
650,Drones
651,Solar inverters
652,Business software
653,Investments
654,Carnival Cruises
655,Oil
655,banking
655,telecom
656,Real estate
657,Real estate
658,Insurance
659,Franklin Templeton
660,Coal
661,Navigation equipment
662,Finance
663,Groupon
663,investments
664,Smartphones
665,Investments
666,Venture capital
667,Hotels
667,investments
668,U-Haul
669,EBay
670,In-N-Out Burger
671,Supermarkets
672,Diversified
673,Facebook
673,investments
674,Agriculture
675,Food services
676,Publishing
677,Beverages
678,Oil
678,real estate
679,Software
680,Spirits
681,Elevators
681,escalators
682,Paint
683,Food service
684,Tobacco distribution
684,retail
685,Campbell Soup
686,Banking
686,minerals
687,Banking
687,minerals
688,Billboards
688,Los Angeles Angels
689,Train cars
690,Real estate
691,Construction equipment
691,media
692,Cybersecurity
693,Biotech
694,Oil
694,investments
695,Email marketing
696,Subway
697,Conglomerate
698,Electrical equipment
699,Sports
700,Uber
701,Aluminum
702,Email marketing
703,Battery separators
704,E-commerce
705,Car dealerships
706,Telecom
707,Telecom
708,Marvel comics
709,Banking
709,real estate
710,Telecom
711,Movies
712,Pharmaceuticals
713,Oil trading
714,Steel
715,Valves
716,Auto parts
717,Cargill
718,Cargill
719,Insurance
719,beverages
720,Insurance
721,Hyundai
722,Investments
723,Coffee makers
724,Optometry
725,Oil
726,Indianapolis Colts
727,Diversified
728,Cargill
729,Hospitals
730,Banking
730,minerals
731,Banking
731,minerals
732,Videogames
733,Consumer goods
734,Consumer goods
735,Consumer goods
736,Glass
737,Venture capital
738,Finance
739,Consumer goods
740,Pharmaceuticals
741,Semiconductors
742,Pharmaceuticals
743,Aviation
744,Cement
744,diversified
745,Online media
746,Investments
747,Private equity
748,Airline
749,Poultry processing
750,Book distribution
750,transportation
751,Electric vehicles
752,Real estate
753,Real estate
754,Oil & gas
755,Mobile phone retailer
756,Healthcare
757,Finance
758,Aircraft leasing
759,Packaging materials
760,Packaging materials
761,Fintech
762,Insurance
763,Real estate
764,Real estate
765,Imaging systems
766,Logistics
767,Hotels
767,motels
768,Advertising
769,IT provider
770,Real estate
771,Fintech
772,Retail
773,Motors
774,Hedge funds
775,Retail
776,Hotels
776,investments
777,Software
778,Starbucks
779,Best Buy
780,Real estate
781,Electrical equipment
782,Diversified
783,Diversified
784,Venture capital
785,Private equity
786,Auto parts
786,distribution
787,Beer
788,Hotels
789,Banking
790,Casinos
791,Hedge funds
792,Car dealerships
793,Investments
794,Fintech
795,Venture capital
796,Real estate
797,Real estate
798,Hedge funds
799,Diversified
800,Shoes
801,Software
802,Software
803,Software
804,Hotels
804,investments
805,Supermarkets
806,Real estate
807,Fashion investments
808,Shipping
809,Liquor
810,Automobiles
810,batteries
811,Smartphone components
812,Electric bikes
812,scooters
813,Eyeglasses
814,Generic drugs
815,Investments
816,Microchip testing
817,Private equity
818,Eyeglasses
819,Eyeglases
820,Eyeglasses
821,Eyeglasses
822,Eyeglasses
823,Eyeglasses
824,Investing
825,Skincare
826,Software
827,Oil
827,coal
827,real estate
828,Paper
829,Infant formula
830,Hedge funds
831,Commodities
832,Hospitals
833,Investments
834,Drugstores
835,Construction
835,pipes
835,banking
836,Winter jackets
837,Biopharmaceuticals
838,Auto parts
839,Private equity
840,Business software
841,Manufacturing
842,Fertilizer
843,Cybersecurity
844,Shipping
845,Eyeglasses
846,Steel
847,Hedge funds
848,Renewable energy
849,Metals
850,Diversified
851,Consumer goods
852,Chemicals
853,Virgin
854,Finance
855,Spirits
856,Diamond jewelry
857,Cable television
858,Johnson & Johnson
858,sports
859,Investments
860,Estee Lauder
861,Tobacco
862,Online retail
863,Web hosting
864,TD Ameritrade
865,Real estate
866,Pharmaceuticals
867,Publishing
868,Flavorings
869,Pharmaceuticals
870,Software
871,Zoom Video Communications
872,Bloomberg LP
873,Scaffolding
873,cement mixers
874,Hedge funds
875,Hearing aids
876,Quartz products
877,Campbell Soup
878,Beer
879,Car dealerships
880,Surveillance equipment
881,Shopping malls
882,Homebuilding
883,Diversified
884,Investments
885,Movie making
886,Home furnishings
887,Fertilizer
888,Discount brokerage
889,Casinos
889,real estate
890,Telecom
891,Venture capital
892,Software
893,Finance and investments
894,Fintech
895,Hedge fund
896,Investments
897,Furniture
898,Retail
899,Fashion retail
899,investments
900,Fashion retail
900,investments
901,Chemicals
902,Supermarkets
902,investments
903,Household chemicals
904,Fashion
905,Chemicals
906,Biotech
907,Satellite TV
908,Yahoo
909,Logistics
909,real estate
910,Retail
911,Software services
912,Department stores
913,Investment
914,Pharmaceuticals
915,Investments
916,Samsung
917,Lithium
918,Manufacturing
919,Pharmaceuticals
919,power
920,Pharmaceuticals
920,power
921,Mining
921,commodities
922,Real estate
923,Cars
924,Construction
925,Private equity
926,Energy drinks
927,Ticketing service
928,Oil & gas
928,investments
929,Packaging
930,Retail
931,Investment banking
932,Medical equipment
933,Transport
933,engineering
933,real estate
934,Software
935,Software
936,Electronic trading
937,Wine
938,Casinos
938,hotels
939,Video games
940,Auto parts
941,Auto parts
942,Online gambling
943,Investments
944,Flavorings
945,Paints
946,Paints
947,Investments
948,Aviation
949,Real estate
950,Digital advertising
951,Netflix
952,Education
953,Cosmetics
954,Palm oil
955,Estee Lauder
956,Meat processing
957,Glass
958,Chemical industry
959,Mining
959,commodities
960,Readymade garments
961,Diversified
962,Private equity
963,Real estate
964,Real estate
965,Banking
966,Hotels
966,investments
967,Diversified
968,Fashion
969,Publishing
970,Real estate
971,Stock brokerage
972,Nutrition
972,wellness products
973,Online games
974,Diversified
975,Diversified
976,Real estate
976,investments
977,Oil & gas
978,Art
978,car dealerships
979,Software
979,investments
980,Pharmaceuticals
981,Spirits
982,Real estate
983,Hair care products
984,Real estate
985,Private equity
986,Drugstores
987,Shopping centers
988,Private equity
989,Copper
989,education
990,Used cars
991,Frozen foods
992,Banking
993,Hearing aids
994,Real estate
995,Chemicals
996,Fashion retail
997,Pharmaceuticals
998,Supermarkets
999,Electronics
1000,Consumer goods
1001,Laboratory services
1002,Pharmaceuticals
1003,Hedge funds
1004,Pharmaceuticals
1005,Fashion retail
1006,Sports apparel
1007,Liquor
1008,Real estate
1009,Restaurants
1010,Palm oil
1011,Diversified
1012,Diversified
1013,Education
1014,Gaming
1015,Pharmaceuticals
1016,Investments
1017,Solar panel materials
1018,Fashion retail
1019,Automotive brakes
1020,Pharmaceuticals
1021,Real estate
1022,Mobile phones
1023,Netscape
1023,investments
1024,Convenience stores
1025,Hair products
1025,tequila
1026,Formula One
1027,Defense
1027,hotels
1028,Live entertainment
1029,Furniture
1030,Engineering
1031,Medical devices
1032,Homebuilding
1033,Real estate
1034,Diversified
1035,Samsung
1036,Consumer products
1037,Healthcare
1038,Packaging
1039,Flavorings
1040,Spotify
1041,Energy
1042,Drugstores
1043,Software
1044,Real estate
1045,Real estate
1046,Oil & gas
1047,Investments
1048,Tires
1049,Pharmaceuticals
1050,TV network
1050,investments
1051,Energy drinks
1052,Hedge fund
1053,Medical devices
1054,Hedge funds
1055,Chewing gum
1056,Supermarkets
1057,Fashion retail
1058,Jewelry
1059,Pharmaceuticals
1060,Uber
1061,Casinos
1061,property
1061,energy
1062,Hotels
1063,Hyundai
1064,Consumer goods
1065,Supermarkets
1066,Chemicals
1067,Casinos
1067,mixed martial arts
1068,Sensor technology
1069,Consumer goods
1070,Diversified
1071,Palm oil
1071,property
1072,Construction materials
1073,Chemicals
1074,Walmart
1074,logistics
1075,Telecom
1076,Telecom
1077,Real estate
1078,Consumer goods
1079,Art collection
1080,Software services
1081,Retail
1082,Retail
1082,real estate
1083,Education
1084,Adhesives
1085,Facebook
1086,Drug distribution
1087,Video streaming
1088,Metals
1088,coal
1089,Petrochemicals
1090,Shipping
1091,EBay
1092,Building materials
1093,Pharmaceuticals
1094,Electrical equipment
1095,Investments
1096,Investments
1097,Diversified
1098,Diversified
1099,Diversified
1100,Diversified
1101,Commodities
1102,Biopharmaceuticals
1103,Pharmaceuticals
1104,Pharmaceuticals
1105,Metals
1105,mining
1106,Fast food
1107,Hedge funds
1108,Oil & gas
1109,Casinos
1109,mixed martial arts
1110,Automobiles
1111,Money management
1112,Hotels
1113,Mining
1114,Mining
1114,steel
1115,Consumer goods
1116,Building materials
1117,Financial services
1118,Real estate
1119,Real estate
1120,Diversified
1121,Banking
1121,insurance
1121,media
1122,Real estate
1123,Real Estate
1124,3D printing
1125,Scientific equipment
1126,Real estate
1127,Casinos
1128,Software
1129,Nutritional supplements
1130,Entertainment
1131,Mining
1132,Telecom
1133,Diversified
1134,Copy machines
1134,software
1135,Consumer goods
1136,Consumer goods
1137,Real estate
1138,Biotech investing
1139,Facebook
1140,Technology services
1141,Agrochemicals
1142,Real estate
1142,airport
1143,Snapchat
1144,Printing
1145,Movies
1145,investments
1146,Mining
1146,banking
1146,hotels
1147,Fish farming
1148,Furniture
1149,Medical equipment
1150,Pharmaceuticals
1151,Real estate
1152,Biotech investing
1153,Investing
1154,Online games
1155,Beef processing
1156,Beef packing
1157,Magazines
1157,media
1158,Chemicals
1159,Pharmaceuticals
1160,Investments
1161,E-cigarettes
1162,Airport management
1163,Pipelines
1164,Construction
1165,Battery components
1166,Campbell Soup
1167,Investments
1168,Investments
1169,Manufacturing
1170,Berkshire Hathaway
1171,Cosmetics
1172,Construction
1173,Airport
1174,Construction
1174,investments
1175,Real estate
1176,Hedge funds
1177,Bakeries
1178,Software
1179,Auto dealerships
1180,Education
1181,Investments
1182,Diversified
1183,Travel
1184,Chemicals
1184,investments
1185,Investments
1186,Prosthetics
1187,Retailing
1188,Investments
1189,Real estate
1189,airport
1190,Hotels
1190,investments
1191,Beer
1192,Payroll software
1193,Auto parts
1194,Pharmaceuticals
1195,Chemicals
1196,Liquefied natural gas
1197,Brakes
1197,investments
1198,Food processing
1199,Heating and cooling equipment
1200,Electronics
1201,Security software
1202,Slim-Fast
1203,Shoes
1204,Shoes
1205,Shoes
1206,Engineering
1206,construction
1207,Investments
1208,Liquor
1209,Consumer goods
1210,Car dealerships
1211,Video streaming app
1212,Fast food
1213,Fast food
1214,Hedge funds
1215,Cement
1216,Beef processing
1217,Aluminum
1217,utilities
1218,Software
1219,Hedge funds
1220,Plastic pipes
1221,Fertilizer
1222,Information technology
1223,Private equity
1224,Gas stations
1225,Investments
1226,Music
1227,Engineering
1228,Energy
1229,Tobacco
1230,Engineering
1231,Paper & related products
1232,Real estate
1233,Jewelry
1234,Coffee
1234,shipping
1235,Medical devices
1236,Tractors
1237,Snapchat
1238,Shopping centers
1239,Aerospace
1240,Hotels
1240,investments
1241,Semiconductors
1242,Diversified
1243,Steel production
1244,Online games
1244,investments
1245,Real estate
1246,Diversified
1247,Diversified
1248,Oil & gas
1248,investments
1249,Investments
1250,Real estate
1251,Auto repair
1252,Retail
1253,TV shows
1254,Bakery chain
1255,Cobalt
1256,Retail
1257,WhatsApp
1258,Auto dealers
1258,investments
1259,Oil
1259,investments
1260,Media
1260,investments
1261,Medical technology
1262,Herbal products
1263,Retail
1264,Private equity
1265,Gap
1266,Banking
1267,Pharmaceuticals
1268,Private equity
1269,Gambling
1270,Real estate
1271,Financial services
1272,Pharmaceuticals
1273,Diversified
1274,Valve manufacturing
1275,Media
1276,Cryptocurrency
1277,Aerospace
1278,Soy sauce
1279,Commodities
1280,Hotels
1280,investments
1281,Real estate
1282,Hand tools
1283,Diversified
1284,Financial services
1285,Payments software
1286,Diversified
1287,Diversified
1288,Diversified
1289,Semiconductors
1290,Cable television
1291,Real estate
1292,Private equity
1293,Yahoo
1294,Machinery
1295,Chemicals
1296,Real estate
1296,media
1297,Hedge funds
1298,Oil
1298,investments
1299,Sensor systems
1300,Sensor systems
1301,Columbia Sportswear
1302,Semiconductors
1303,Real estate
1304,Flavorings
1305,Software services
1306,Tires
1306,diversified
1307,Tires
1307,diversified
1308,Spotify
1309,Gap
1310,Retail
1311,Construction
1312,Private equity
1313,Manufacturing
1314,Private equity
1315,Online retailing
1316,Soy sauce
1317,Pharmaceuticals
1318,Financial services
1319,Restaurants
1320,Financial services
1321,Casinos
1322,Consumer goods
1323,Pet food
1324,Retail
1325,Agriculture
1325,land
1326,Dole
1326,real estate
1327,Art collection
1328,Investments
1329,Candy
1330,Candy
1331,Luxury goods
1332,Luxury goods
1333,Diversified
1334,Liquor
1335,Investments
1336,Medical devices
1337,Real estate
1337,grains
1338,Fashion retail
1339,Measuring instruments
1340,Finance
1341,Computer networking
1342,Real estate
1342,investments
1343,Real estate
1344,Tires
1345,Real estate
1346,Chicken processing
1347,Pearlescent pigments
1348,Construction
1348,mining machinery
1349,Dental materials
1350,Precision machinery
1351,Real estate
1351,investments
1352,Cryptocurrency
1353,Oil
1353,mining
1354,Diversified
1355,Business software
1356,Retail
1356,agribusiness
1357,Insurance
1358,Investments
1359,Pharmaceuticals
1360,Finance
1361,Pharmaceuticals
1362,Fashion
1363,Poultry
1364,Hedge funds
1365,Investments
1366,Pharmaceuticals
1367,Automotive
1368,SAP
1369,Hospitals
1370,Real estate
1371,Finance
1372,Sunglasses
1373,Damaged cars
1374,Sports apparel
1375,Cryptocurrency
1376,Retail
1377,Conglomerate
1378,Diversified
1379,Software
1380,Investments
1381,Private equity
1382,Berkshire Hathaway
1383,WeWork
1384,Airlines
1385,Beverages
1386,Manufacturing
1386,investment
1387,Software
1388,Health IT
1389,Healthcare
1390,Sports teams
1391,Payroll processing
1392,Jewelry
1393,Biotech
1394,Software
1395,Venture capital
1395,Google
1396,Real estate
1397,Software
1398,Hedge funds
1399,Diversified
1400,Diversified
1401,Real estate
1402,Textiles
1402,petrochemicals
1403,Software
1404,H&M
1405,Healthcare
1406,Business software
1407,Sports apparel
1408,Budget airline
1409,Coca-Cola Israel
1410,Batteries
1411,Agribusiness
1412,Electronics
1413,Package delivery
1414,Investments
1415,Steel
1416,Batteries
1417,Mining
1417,commodities
1418,Coffee
1419,Construction
1419,media
1420,Casinos
1420,banking
1421,Consumer goods
1422,Manufacturing
1423,Electronics
1424,Software
1425,Oil & gas
1426,Hearing aids
1427,Luxury goods
1428,Internet service provider
1429,Animal health
1429,investments
1430,Animal health
1430,investments
1431,Real estate
1432,Oil refining
1433,Luxury goods
1434,Steel
1435,Getty Oil
1436,Space
1436,energy
1437,Clinical trials
1438,Diversified
1439,Diversified
1440,Real estate
1441,Consumer goods
1442,Real estate
1442,investments
1443,Supermarkets
1444,Diversified
1445,Machinery
1446,Payment processing
1447,Software
1448,Retail
1449,Retail
1450,Real estate
1451,Smartphone screens
1452,Hedge funds
1453,Accounting services
1454,Sports teams
1455,Real estate
1456,Power supply equipment
1457,Retail
1458,Snack bars
1459,Internet search
1460,Diversified
1461,Footwear
1462,Investments
1463,Biopharmaceuticals
1464,Auto parts
1465,E-commerce
1466,Building materials
1467,Metals
1467,banking
1467,fertilizers
1468,Appliances
1469,Construction
1470,Steel pipes
1470,diversified
1471,E-commerce
1472,Education technology
1473,Infrastructure
1474,Fast fashion
1475,Medical cosmetics
1476,Investments
1477,Biotech
1478,Two-wheelers
1479,Dick's Sporting Goods
1480,Edible oil
1481,Real estate
1482,Pet food
1483,Food processing
1484,Greek yogurt
1485,Furniture retailing
1486,Food
1486,beverages
1487,Food
1487,beverages
1488,Food
1488,beverages
1489,Food
1489,beverages
1490,Casinos
1490,hotels
1491,Auto parts
1492,Retail
1493,Glass
1494,Metal processing
1495,Chemicals
1496,Pharmaceuticals
1497,Engineering
1498,Retail
1498,investments
1499,Online dating
1500,Security
1501,Software
1502,Pharmaceuticals
1503,Semiconductors
1504,Stationery
1505,Diversified
1506,Energy
1506,chemicals
1507,Nutella
1507,chocolates
1508,Low-cost airlines
1509,Pharmaceuticals
1510,Real estate
1511,Mining
1512,Technology
1513,Silicon
1514,Amusement parks
1515,Finance
1516,Charlotte Hornets
1516,endorsements
1517,Real estate
1518,Software
1518,investments
1519,Dental products
1520,E-commerce
1521,Semiconductor
1522,TikTok
1523,Appliances
1524,Energy
1524,real estate
1525,Petrochemicals
1526,Real estate
1527,Investments
1528,Telecom
1529,Power equipment
1530,Logistics
1531,Investments
1532,Mining
1533,Cybersecurity
1534,Hotels
1534,investments
1535,Infrastructure
1536,Mining
1537,Mining
1538,Banking
1538,credit cards
1539,Engineering
1540,TV broadcasting
1541,Cosmetics
1542,Data centers
1543,Sports
1544,Investments
1545,Banking
1545,insurance
1546,Mining
1547,Plastics
1548,Touch screens
1549,Semiconductor
1550,Electronics components
1551,Software
1552,Solar energy equipment
1553,Healthcare
1554,Forestry
1554,mining
1555,Oil & gas
1556,Sports
1557,Banking
1558,Oil
1558,gas
1559,Luxury goods
1560,Supermarkets
1561,Furniture retailing
1562,Stationery
1563,Batteries
1564,Communication equipment
1565,Diversified
1566,Diversified
1567,Cargill
1568,Coca-Cola bottler
1569,Las Vegas Raiders
1570,Hedge funds
1571,Auto parts
1572,Pharmaceuticals
1572,diversified
1573,Pharmaceuticals
1573,diversified
1574,Airports
1574,investments
1575,Real estate
1576,Cosmetics
1577,Electrical equipment
1578,Conglomerate
1579,Banking
1579,investments
1580,LinkedIn
1581,Chemicals
1582,Storage facilities
1583,Real estate
1584,Private equity
1585,Investments
1586,Diversified
1587,Sears
1588,Diversified
1589,Cheese
1590,Real estate
1591,Real estate
1592,Cargill
1593,Telecom
1594,Retail
1595,Price comparison website
1596,Restaurants
1597,Adhesives
1598,Adhesives
1599,Hotels
1599,investments
1600,Jewellery
1601,Kitchen appliances
1602,Hedge funds
1603,Homebuilding
1603,NFL team
1604,Photovoltaics
1605,Diversified
1606,Semiconductors
1607,Plastics
1608,Investments
1609,Cargill
1610,Diversified
1611,Paints
1612,Construction
1613,Drugstores
1614,Oil and gas
1615,Real estate
1616,Real estate
1617,Retail
1618,Campbell Soup
1619,Pharmaceuticals
1620,Chemicals
1620,logistics
1621,Precious metals
1621,real estate
1622,Oil
1622,banking
1623,Chemicals
1624,Software
1625,Home furnishings
1626,Hotels
1626,diversified
1627,Sports team
1628,Home sales
1629,Fashion retail
1629,investments
1630,Internet
1631,Hedge funds
1632,Oil & gas
1633,Dairy
1634,Diversified
1635,Software
1636,Apple
1637,Finance
1638,TV programs
1639,Construction
1640,Software
1641,Pharmaceuticals
1642,Nascar
1642,racing
1643,Pharmaceuticals
1644,Insurance
1645,Salsa
1646,Pharmaceuticals
1647,Hedge funds
1648,Real estate
1649,Auto parts
1650,Pharmaceuticals
1651,Medical equipment
1652,Software
1653,LG
1654,Security software
1655,Golden State Warriors
1656,Blockchain
1656,technology
1657,Investments
1658,Mining
1659,Media
1660,Media
1661,Media
1662,Medical patents
1663,Electronics components
1664,Real estate
1665,Fintech
1666,Real estate
1667,Art
1668,Industrial explosives
1669,Diversified
1670,Electronics
1671,Media
1672,Leveraged buyouts
1673,Cloud computing
1674,Media
1674,real estate
1675,Chemicals
1676,Information technology
1677,Steel pipes
1678,Agribusiness
1679,Chemical
1680,Software services
1681,Cosmetics
1682,Dairy & consumer products
1683,Hygiene products
1684,Logistics
1685,Steel
1686,Software
1687,E-cigarettes
1688,Payments software
1689,Heating and cooling equipment
1690,Blockchain technology
1691,Online media
1692,Twitter
1693,Investments
1694,Finance
1695,Batteries
1696,Medical equipment
1697,Real estate
1698,cosmetics
1699,Steel
1700,Real estate
1701,Tennessee Titans
1702,Venture capital investing
1703,Steel
1704,Real estate
1705,Entertainment
1706,Mutual funds
1707,Venture capital
1708,Household chemicals
1709,Shipbuilding
1710,Energy drink
1711,Investments
1712,Health IT
1713,FIAT
1713,investments
1714,Motorhomes
1714,RVs
1715,Video games
1716,Money management
1717,Insurance
1718,Real estate
1719,Shoes
1720,Retail
1721,Software
1722,Hotels
1723,Real estate finance
1724,Elevators
1724,escalators
1725,Real estate
1726,Insurance
1726,investments
1727,Chemicals
1728,Transportation
1729,Biotech
1730,Apparel
1731,Fashion retail
1732,Real estate
1733,Real estate
1734,Palm oil
1734,property
1735,Cloud computing
1736,Pharmaceuticals
1737,Medical products
1738,Soy sauce
1739,Sandwich chain
1740,Iron ore mining
1741,Drones
1742,Virtual reality
1743,Bloomberg LP
1744,Online retail
1745,Supermarkets
1746,Chemicals
1747,Wedding dresses
1748,Adhesives
1749,Retail
1750,Real estate
1751,Steel pipes
1752,Pharmaceutical
1753,Comcast
1754,Waffle House
1755,Chemicals
1756,Homebuilder
1757,Agribusiness
1758,Healthcare
1759,Agrochemicals
1760,Cosmetics
1761,Real estate development
1762,Insurance
1762,NFL team
1763,Call centers
1764,Footwear
1765,Semiconductor
1766,Sports teams
1767,Real estate services
1768,Energy services
1769,Packaging
1770,Bars
1771,Coking
1772,Telecom
1772,investments
1773,Financial technology
1774,Logistics
1775,Manufacturing
1776,Electronics
1777,Biotech
1778,Engineering
1778,automotive
1779,Investment banking
1780,Real estate
1781,Money management
1782,Hedge funds
1783,Shoes
1784,Frozen foods
1785,Electronics
1786,Semiconductors
1787,Real estate
1788,Oil
1788,semiconductor
1789,Real estate
1790,Construction
1791,Real estate
1791,private equity
1792,Venture capital
1793,Logistics
1793,baseball
1794,Transport
1794,logistics
1795,Banking
1796,Software
1797,Banking
1798,Commodities
1798,investments
1799,Financial services
1800,Convinience stores
1801,Pharmaceuticals
1802,Pharmaceuticals
1803,Investments
1804,Investments
1805,Telecommunication
1805,sports
1806,Oil & gas
1806,investments
1807,Elevators
1807,escalators
1808,Executive search
1808,investments
1809,DirecTV
1810,Hygiene products
1811,Non-ferrous metals
1812,Real estate
1813,Retail
1813,wholesale
1814,Pharmaceuticals
1815,Oil
1815,investments
1816,Investments
1817,Package delivery
1818,Biotech
1819,Manufacturing
1820,Banking
1820,shipping
1821,Palm oil
1821,property
1822,Real estate
1823,Real estate
1824,Online games
1825,Semiconductor devices
1826,Real estate
1827,Telecom
1828,Mobile payments
1829,Real estate
1830,Oil refinery
1831,Investments
1832,Automotive
1833,Mutual funds
1834,Mutual funds
1835,Electric power
1836,Steel
1836,autoparts
1837,Steel
1837,investments
1838,Beer
1839,energy drinks
1840,Manufacturing
1841,Alcohol
1842,Metals
1842,investments
1843,Cloud computing
1844,Pulp and paper
1844,diversified
1845,Education
1846,Insurance
1846,NFL team
1847,Insurance
1848,Batteries
1848,investments
1849,Pharmaceutical services
1850,Petrochemicals
1851,Business software
1852,Mining
1853,TV
1853,movie production
1854,Toys
1855,Fitness equipment
1856,Natural gas
1857,Retailing
1858,Retailing
1859,Retailing
1860,Roku
1861,Materials
1862,Pharmaceuticals
1863,electronics
1864,Waste disposal
1865,Software
1866,Pharmaceuticals
1867,Electronics
1868,Auto dealerships
1869,Conglomerate
1870,Electronic components
1871,Online games
1872,Aluminum
1873,Wine
1874,Gambling products
1875,Snacks
1876,Petroleum
1876,diversified
1877,Diversified
1878,Gym equipment
1879,Investments
1880,Investments
1881,Forestry
1881,mining
1882,Pharmaceuticals
1883,Fashion retail
1883,investments
1884,Mining
1885,Banking
1885,oil
1886,Luxury goods
1887,Consumer goods
1888,Energy
1888,banking
1888,construction
1889,Software
1890,Shipping
1890,airlines
1891,Manufacturing
1892,Finance
1892,real estate
1893,Banking
1894,Electrodes
1895,IT consulting
1896,Diversified
1897,Private equity
1898,Manufacturing
1899,Cable television
1900,Retail stores
1901,Ports
1902,Art collection
1903,Consumer electronics
1904,Software
1905,Private equity
1906,Investments
1907,Chemicals
1908,Real estate
1909,Consumer products
1909,banking
1910,Semiconductors
1911,Movies
1911,digital effects
1912,Money management
1913,Phamaceuticals
1914,Pharmaceuticals
1915,Investments
1916,Diversified
1917,Retail
1918,Beer
1919,Real estate
1919,hotels
1920,Banking
1920,shipping
1921,Machine tools
1922,Machine tools
1923,Manufacturing
1924,Lithium-ion battery cap
1925,Chemicals
1926,Apparel
1927,Stainless steel products
1928,Optical components
1929,Chemicals
1930,Education
1931,Logistics
1932,Diversified
1933,Hotels
1934,Utilities
1934,diversified
1935,Private equity
1936,Shoes
1937,Fine jewelry
1938,Transportation
1939,Semiconductors
1940,Diversified
1941,Sugar
1941,ethanol
1942,Investments
1943,Toll roads
1944,H&M
1945,Sports drink
1946,Beer distribution
1947,Real estate
1947,hotels
1948,Finance
1949,Hedge fund
1950,Healthcare services
1951,Facebook
1952,Automotive technology
1953,Social media
1954,retail
1955,Investments
1956,Pharmaceuticals
1957,Software
1958,Airports
1958,real estate
1959,Real estate
1960,Hedge funds
1961,Liquor stores
1961,supermarkets
1962,Utilities
1962,real estate
1963,Instagram
1964,Feed
1965,Beverages
1966,Semiconductors
1967,Paints
1968,Healthcare IT
1969,Contact Lens
1970,Telecom
1971,Investments
1971,art
1972,Automotive
1973,Telecom
1974,Gambling products
1975,Pharmaceuticals
1976,Medical devices
1977,Natural gas
1978,Real estate
1979,Software
1980,Online games
1981,Electronics
1982,Brewery
1983,Education
1984,Online games
1985,Education
1986,Solar
1987,Jewelry
1988,Diversified
1989,Investments
1990,Retail
1991,Flipkart
1992,Pharmaceuticals
1993,Real estate
1993,manufacturing
1994,Oil
1995,Consumer goods
1996,Nickel
1997,AOL
1998,Testing equipment
1999,Real estate
2000,Banking
2001,Mining
2002,Chemicals
2003,Investments
2004,Beauty products
2005,Data analytics
2006,Diversified
2007,Textiles
2007,paper
2008,Cruises
2009,Construction
2009,investments
2010,Banking
2010,investments
2011,Electric vehicles
2012,Consumer goods
2013,Fashion retail
2014,Cloud storage service
2015,Chemicals
2016,Textiles
2017,Pharmaceuticals
2018,Online games
2019,Real estate
2019,hotels
2020,Building materials
2021,Financial services
2022,Diversified
2023,Real estate
2024,Real estate
2025,Real estate
2026,Real estate
2027,Diversified
2028,Diversified
2029,Real estate
2030,Diversified
2031,Mutual funds
2032,Cruises
2033,Fashion retailer
2034,Mining
2035,Electric vehicles
2036,Powdered metal
2037,Manufacturing
2038,Paper
2039,Investments
2040,Drugstores
2041,Agribusiness
2042,Cable TV
2042,investments
2043,Cooking appliances
2044,Manufacturing
2045,Chemicals
2046,Real estate
2047,Clinical diagnostics
2048,Real estate
2049,Software
2050,Medical diagnostic equipment
2051,Steel
2052,Energy drinks
2052,investments
2053,Investments
2054,Manufacturing
2055,Real estate
2056,Medical devices
2057,H&M
2058,Electric scooters
2059,Tire
2060,Pharmaceuticals
2061,Diversified
2062,Music
2062,cosmetics
2063,Construction
2063,pipes
2063,chemicals
2064,Real estate
2065,Building materials
2066,Generic drugs
2067,Real estate
2068,Refinery
2068,chemicals
2069,Refinery
2069,chemicals
2070,Retail
2071,Cloud computing
2072,H&M
2073,Pharmaceuticals
2074,Pharmaceuticals
2075,Diversified
2076,Fiber optic cables
2077,Logistics
2078,Manufacturing
2079,Carbon fiber products
2080,Chemicals
2081,Electronic components
2082,Industrial machinery
2083,Money management
2084,Machinery
2085,Chemicals
2086,Drones
2087,Motors
2088,Beverages
2089,Real estate
2090,Pharmaceuticals
2091,Machinery
2092,Real estate
2093,Real estate
2094,Machinery
2095,Electrical equipment
2096,Real estate
2097,Fashion retail
2098,Pulp and paper
2098,diversified
2099,Damaged cars
2100,Chemicals
2101,Pharmaceuticals
2102,Pharmaceuticals
2103,Real estate
2104,Banking
2104,development
2105,Automotive technology
2106,Flipkart
2107,Coal
2108,Investments
2108,real estate
2109,Pharmaceuticals
2110,Banking
2110,insurance
2111,Diversified
2112,Pharmaceuticals
2112,food
2113,Messaging software
2114,Electronic components
2115,Software
2116,Industrial equipment
2117,Real estate
2117,electronics
2118,Minerals processing
2119,Power tools
2120,Auto parts
2121,Cell phone distribution
2122,Investments
2123,Real estate
2124,Food
2125,Technology
2126,Media
2127,Financial services
2128,Financial services
2129,Vaccines
2130,Energy
2131,Video games
2132,Video games
2133,Online payments
2134,Real estate
2135,Chemical products
2136,Trading
2136,investments
2137,Investments
2138,Elevators
2138,escalators
2139,Real estate
2140,Asset management
2141,Industrial equipment
2142,Auto parts
2143,Manufacturing
2144,Manufacturing
2145,Asset management
2146,Insurance
2147,Call centers
2148,Real estate
2148,gambling
2149,Software firm
2150,Medical devices
2151,Investments
2152,Video games
2153,Retail
2154,Software
2155,Payments
2155,banking
2156,EstÃ©e Lauder
2157,Internet
2158,Genentech
2158,Apple
2159,Seed production
2160,Steel
2160,diversified
2161,Petro Firbe
2162,Machinery
2163,Pharmaceuticals
2164,Agribusiness
2165,Online games
2166,Medical equipment
2167,Agribusiness
2168,Diversified
2169,E-commerce
2170,Real estate
2171,Laboratory services
2172,Finance services
2173,Aircraft leasing
2174,Investments
2175,Investments
2175,energy
2176,Consumer products
2176,banking
2177,Casinos
2178,Biotech
2179,Defense contractor
2180,E-commerce
2181,Real estate
2182,Infrastructure
2183,Pharmaceuticals
2184,Pharmaceuticals
2185,Supermarkets
2186,Investments
2186,real estate
2187,Chemicals
2188,Diversified
2189,Beverages
2190,Video games
2190,pachinko
2191,Software
2192,Healthcare
2193,Refinery
2193,chemicals
2194,Food
2194,retail
2195,Machinery
2196,Sports
2197,Sports
2198,Sports
2199,Gold
2199,coal mining
2200,Refinery
2200,chemicals
2201,Meat processing
2202,Meat processing
2203,Real estate
2204,Hospitals
2205,Retail
2206,Airline
2207,Electronics components
2208,Software
2209,Health products
2210,Battery components
2211,Internet
2212,Medical devices
2213,Software
2214,Software
2215,Aluminum products
2216,Online recruitment
2217,Hotels
2218,Mining
2219,Semiconductor materials
2220,Banking
2221,Investments
2222,Pharmaceuticals
2223,Steel
2224,Finance
2225,Software
2226,Hospitals
2227,Real estate
2228,Real estate
2229,Real estate
2230,Lithium battery
2231,Money management
2232,Medical technology
2233,Medical technology
2234,Medical technology
2235,Property
2235,healthcare
2236,Food
2237,Pharmaceuticals
2238,Retail
2239,Software
2240,Shoes
2241,Specialty chemicals
2242,Publishing
2243,Sneakers
2243,sportswear
2244,Fashion retail
2245,Media
2246,Solar panels
2247,Diversified
2248,Diversified
2249,Home appliances
2250,Pulp and paper
2251,Manufacturing
2252,Fitness clothing
2253,Furniture retail
2254,Mining
2255,Textiles
2256,Private equity
2257,Steel tubes
2258,Technology
2259,Construction
2259,investments
2260,Urban Outfitters
2261,Financial services
2262,Software
2263,Casinos
2264,Textiles
2264,apparel
2265,Technology
2266,Communications
2267,Food & beverage retailing
2268,Finance
2269,Shapewear
2269,cosmetics
2269,reality TV
2270,Auto parts
2271,Retailing
2272,Real estate
2273,Building materials
2274,Building materials
2275,Auto parts
2276,Cirque du Soleil
2277,Hospitality
2278,Petro Fibre
2279,Pharmaceuticals
2280,Medical services
2281,Lithium batteries
2282,Conglomerate
2283,Natural gas distribution
2284,Software
2285,Cargill
2286,Cargill
2287,Cargill
2288,Cargill
2289,Diversified
2290,Manufacturing
2291,Construction
2292,Diversified
2293,Data management
2294,Healthcare services
2295,Diversified
2296,Private equity
2297,Candy
2298,Stock photos
2299,Fisheries
2300,Shopping malls
2301,Computer games
2302,Online games
2303,Diversified
2304,Health care
2305,Pig breeding
2306,Lumber
2307,Investments
2308,Agribusiness
2309,Finance
2310,Real estate
2311,Hedge funds
2312,Cheese
2313,Engineering
2313,sugar
2314,Finance
2315,Cosmetics
2316,Online apparel retail
2317,Software
2318,Car rentals
2319,Car rentals
2320,Coal
2320,investments
2321,Healthcare
2322,Software
2323,Chemical products
2324,Chemical products
2325,Hedge funds
2326,Data analytics
2327,Coal
2328,Textile
2328,chemicals
2329,Food
2330,Manufacturing
2331,Real estate
2332,Financial services
2333,Manufacturing
2334,TV shows
2335,Investment banking
2336,Fashion
2337,Real estate
2338,Asset management
2339,Pharmaceuticals
2340,Pneumatic equipments
2341,Lithium
2342,Shoes
2343,Coca Cola Israel
2344,Cryptocurrency
2345,Cryptocurrency
2346,Manufacturing
2347,Finance
2348,Apparel
2349,Batteries
2350,Manufacturing
2351,Wine
2352,Manufacturing
2353,Education
2354,Petro Fibre
2355,Pharmacy
2356,Retail
2357,Data analytics
2358,Diversified
2359,Telecom
2360,Paper manufacturing
2361,Pharmaceuticals
2362,Chemicals
2363,Construction
2364,Sports shoes
2365,Investments
2366,Private equity
2367,Liquor
2368,Spanx
2369,Banking
2370,Banking
2370,investments
2371,Real estate
2372,Diversified
2373,E-commerce software
2374,Retail
2375,Data centers
2376,Consumer goods
2377,Pharmaceuticals
2378,Air compressors
2379,Supermarkets
2380,Supermarkets
2381,Technology
2382,Pharmaceutical
2383,Solar energy
2384,Package delivery
2385,Electronics
2386,Stationery
2387,Poultry breeding
2388,Semiconductors
2389,Coca-Cola bottler
2390,Paper
2391,Insurance
2392,Insurance
2393,Hotels
2394,Pulp and paper
2395,Investments
2396,Reebok
2397,Gap
2398,Fashion retail
2399,Manufacturing
2400,Pharmaceuticals
2401,Mattresses
2402,Private equity
2403,Building
2403,development
2404,Fashion retail
2405,Fashion retail
2406,Retail
2406,investments
2407,EasyJet
2408,Pig breeding
2409,Coffee
2410,Coffee
2411,Software
2412,Software
2413,Printed circuit boards
2414,Tires
2415,Pachinko machines
2416,Auto loans
2417,Financial services
2418,IKEA
2419,IKEA
2420,IKEA
2421,Waste management
2422,Auto parts
2423,Energy
2424,Retailing
2425,Sports data
2426,LG
2427,Banking
2428,Specialty chemicals
2429,Medical diagnostics
2430,Casinos
2431,Construction
2431,real estate
2432,Banking
2432,credit cards
2433,Banking
2434,Banking
2434,credit cards
2435,Medical devices
2436,Medical devices
2437,Flooring
2438,Telecommunication
2439,Cosmetics
2440,Internet and software
2441,Two wheelers
2442,Two wheelers
2443,Motorcycles
2444,Coal
2445,Tires
2445,retail
2446,Retail
2447,Real estate
2447,diversified
2448,Under Armour
2449,Pharmaceuticals
2450,Medical equipment
2451,Pharmaceuticals
2452,Security services
2453,Cryptocurrency
2454,Pinterest
2455,Finance
2456,Solar systems
2457,Stock exchange
2458,Investments
2459,Liquor
2460,Toys
2461,Semiconductors
2462,Oilfield equipment
2463,Semiconductors
2464,gaming
2465,Retail
2466,Auto parts
2467,Wire & cables
2467,paints
2468,Food
2469,Manufacturing
2470,Search engine
2471,Chemicals
2472,Food
2473,Airline
2474,Video games
2475,Electronics
2476,Golf
2477,Footwear
2478,Electronics
2479,Electronic components
2480,Consumer
2481,Pharmaceuticals
2482,Vitamins
2483,Cable
2484,Manufacturing
2485,Software
2486,Soy sauce
2487,Tourism
2487,cultural industry
2488,Aluminium
2489,Building materials
2490,Supermarkets
2491,Snacks
2492,Semiconductors
2493,Smartphones
2494,Printed circuit boards
2495,Snacks
2496,Investments
2497,Retail
2498,Medical technology
2499,Medical technology
2500,Medical technology
2501,Medical technology
2502,Mining
2502,banking
2503,Entertainment
2503,Margaritaville
2504,Pachinko machines
2505,Asset management
2506,Transportation
2507,Manufacturing
2508,Online entertainment
2509,Polyester
2510,Online games
2511,Batteries
2512,Liquor
2513,Electrical appliances
2514,Real estate
2515,Financial services
2515,property
2516,Diversified
2517,Software
2518,Office real estate
2519,Software
2520,Pharmaceuticals
2521,Medical devices
2522,Gap
2523,Industrial lasers
2524,Real estate
2525,Financial services
2526,EasyJet
2527,EasyJet
2528,Machinery
2529,Manufacturing
2530,Coal
2531,Smartphones
2532,Convenience stores
2533,Bio-Pharma
2534,Online universities
2535,Investments
2536,Cables & wires
2537,Basketball
2538,Grocery stores
2539,Software
2540,Tiles
2541,Banking
2542,Banking
2542,sports team
2543,Software
2543,investments
2544,Power
2545,Cosmetics
2546,Banking
2546,investments
2547,Real estate
2548,Electronics
2549,Hotels
2550,Real estate
2551,Cement
2552,Banking
2553,Smartphones
2554,Pharmacies
2555,Healthcare
2556,Electronics
2557,LED lighting
2558,Grocery delivery service
2559,Appliances
2560,Appliances
2561,Construction materials
2562,Hydraulic pumps
2563,Movies
2563,television
2564,Convenience stores
2565,Beer
2566,Energy services
2567,Media
2567,tech
2568,IT consulting
2568,outsourcing
2569,Cloud computing
2570,Hotels
2571,Metals
2571,telecom
2572,Finance
2572,development
2573,Paints
2574,Manufacturing
2575,Hot sauce
2576,Video games
2577,Telecom
2578,Software
2579,Medical equipment
2580,Insurance
2580,investments
2581,Agribusiness
2582,Sports
2583,Apparel
2584,Chemicals
2585,Manufacturing
2586,Pharmaceuticals
2587,Health clinics
2588,Beer
2589,Tyre manufacturing machinery
2590,Real estate
2591,Diversified
